{"0": {"dace_fun": 43.649315, "tfgpu": 0.00032240899963653646}, "1": {"dace_fun": 41.181995, "tfgpu": 0.00032339600011255243}}