{"0": {"dace_fun": 59.22902500000001, "tfgpu": 0.00032153649954125285}, "1": {"dace_fun": 25.294935, "tfgpu": 0.00032399149995399057}}