{"0": {"dace_simpleparallel": 74.027575, "tfgpu": 0.0002828495000812836}, "1": {"dace_simpleparallel": 6.8411100000000005, "tfgpu": 0.00016177499969671771}, "2": {"dace_simpleparallel": 41.63433499999999, "tfgpu": 0.0002938969998922403}, "3": {"dace_simpleparallel": 27.246665, "tfgpu": 0.00016383899992433726}, "4": {"dace_simpleparallel": 26.958695000000002, "tfgpu": 0.00019024400035050348}, "5": {"dace_simpleparallel": 17.094189999999998, "tfgpu": 0.00018636499999047373}, "6": {"dace_simpleparallel": 59.656214999999996, "tfgpu": 0.0002963979995911359}, "7": {"dace_simpleparallel": 39.998845, "tfgpu": 0.00016440550007246202}, "8": {"dace_simpleparallel": 41.451080000000005, "tfgpu": 0.0001863874999799009}, "9": {"dace_simpleparallel": 26.187559999999998, "tfgpu": 0.0001955630000338715}, "10": {"dace_simpleparallel": 45.01249, "tfgpu": 0.0002808085000651772}, "11": {"dace_simpleparallel": 50.22477, "tfgpu": 0.00016135150008267374}, "12": {"dace_simpleparallel": 49.695130000000006, "tfgpu": 0.00018800150019160355}, "13": {"dace_simpleparallel": 24.076525, "tfgpu": 0.00018220399988422287}, "14": {"dace_simpleparallel": 198.95956, "tfgpu": 0.000280293499599793}, "15": {"dace_simpleparallel": 89.16827500000001, "tfgpu": 0.00018173399939769297}, "16": {"dace_simpleparallel": 77.55599, "tfgpu": 0.0001906604998112016}}